Product Name,Price,Phone_Status
Apple iPhone 13 Pro Max 128 GB | Midnight - For Parts Only - Grade A,$410.00,Parts Only
Apple iPhone 13 Pro Max - 128GB - All Colors - Unlocked - Excellent Condition,"$1,150.00",Open Box
New ListingApple iPhone 13 Pro Max - 256GB - Graphite (Verizon),$855.00,Pre-Owned
Apple iPhone 13 Pro Max - 256GB - Graphite (Unlocked) A2484 (CDMA + GSM),$700.00,Pre-Owned
Apple iPhone 13 Pro Max - 256GB - Gold (T-Mobile),$500.00,Pre-Owned
Apple iPhone 13 Pro Max - 1TB - Graphite (AT&T),$844.00,Pre-Owned
Apple iPhone 13 Pro Max 128 GB | Sierra Blue - For Parts Only,$549.99,Pre-Owned
New ListingApple iPhone 13 Pro Max - 128GB - Graphite (Unlocked) A2484 (CDMA + GSM),$850.00,Pre-Owned
Apple iPhone 13 Pro Max - 128GB - Sierra Blue (Verizon),$750.00,Pre-Owned
Apple iPhone 13 Pro Max 128gb Graphite Used Perfect Condition,$820.00,Pre-Owned
Apple iPhone 13 Pro Max - 256GB - Sierra Blue (Verizon),$819.00,Pre-Owned
Apple iPhone 13 Pro Max 5G 128GB Silver - (Unlocked) A2484 Open Box Condition,$879.00,Open Box
iPhone 13 Pro Max 512GB - AT&T,$900.00,Pre-Owned
Custom iPhone 13 Pro Max 1 TB with Diamond Bezel and 24k Gold Plated Back,"$3,999.00",Open Box
New ListingApple iPhone 13 Pro Max - 512GB - Silver (Unlocked),$809.00,Pre-Owned
Apple iPhone 13 Pro Max - 256GB - Silver (AT&T) (READ DESCRIPTION!!),$200.00,Parts Only
Apple iPhone 13 Pro Max - 128GB - Graphite (AT&T),$678.00,Pre-Owned
Apple iPhone 13 Pro Max - 256GB - Gold (Unlocked),"$1,199.99",Pre-Owned
"Apple iPhone 13 Pro Max silver 6.7"" A2644 REAL Dual Sim 512GB Phone NEW","$1,897.84",Brand New
Apple iPhone 13 Pro Max 128gb White AT&T Network Locked,$900.00,Open Box
Apple iPhone 13 Pro Max - 512GB - Graphite (Unlocked) A2484 (CDMA + GSM),"$3,200.00",Pre-Owned
"Apple iPhone 13 Pro Max gold 6.7"" A2644 REAL Dual Sim 512GB Phone NEW","$1,897.84",Brand New
"Apple iPhone 13 Pro Max blue 6.7"" A2644 REAL Dual Sim 512GB Phone NEW","$1,897.84",Brand New
Apple iPhone 13 Pro Max 256GB  A2484 Silver  Smartphone Unlocked exept T-mobile,"$1,200.00",Open Box
Apple iPhone 13 Pro Max - 256GB - Sierra Blue (T-Mobile) FOR PARTS ONLY,$870.00,Parts Only
 iPhone PREMIUM UNLOCK VERIZON FACTORY SERVICE Pro Service Max Verizon Premium,$13.98,Brand New
Apple iPhone 13 Pro Max - 128GB Verizon Sierra Blue **IMMACULATE CONDITION**,"$1,200.00",Open Box
Apple iPhone 13 Pro Max - 128GB - Sierra Blue (Unlocked) (CA),"$1,022.38",Brand New
Apple iPhone 13 Pro Max - 128GB - Graphite - T-Mobile,$949.95,Open Box
Apple iPhone 13 Pro Max - 128GB - Sierra Blue (Unlocked),"$1,200.00",Open Box
Apple iPhone 13 Pro Max - 512GB - Gold Limited Education Unlocked New With Box,"$3,699.00",Brand New
Apple iPhone 13 Pro Max - 128GB - Sierra Blue (T-Mobile),$830.00,Pre-Owned
New ListingApple iPhone 13 Pro Max - 128GB - Gold (Unlocked),$825.00,Pre-Owned
Apple iPhone 13 Pro Max - 256GB - Gold (AT&T),$750.00,Pre-Owned
Apple iPhone 13 Pro Max - 512GB - Sierra Blue (Unlocked),$950.00,Pre-Owned
New ListingApple iPhone 13 Pro Max 1TB | Unlocked | White | New Unused Open Box,"$1,200.00",Open Box
New ListingNEW Apple iPhone 13 Pro MAX  128GB Graphite (AT&T ONLY) A grade,$899.99,Brand New
Apple iPhone 13 Pro Max - 256GB - Gold (Unlocked) A2484 (CDMA + GSM),$900.00,Pre-Owned
Apple iPhone 13 Pro Max 512GB Silver AT&T ~ READ DESCRIPTION ,"$1,049.00",Open Box
Apple iPhone 13 Pro Max 128GB Cricket Wireless Excellent Condition.,$975.00,Pre-Owned
New ListingSILVER APPLE IPHONE 13 MAX PRO-128GB-CRACKED SCREEN-PARTS ONLY-LOCKED W/VERIZON,$429.00,Parts Only
Apple iPhone 13 Pro Max 256GB Graphite Open Box Perfect Mint AT&T. Excellent 10,$888.88,Open Box
iPhone 13 Pro Max - 256GB - Unlocked - Sierra Blue FREE PRIORTY SHIPPING!!,"$1,050.00",Pre-Owned
"Apple iPhone 13 Pro - 256GB - Space Gray (AT&T, UNLOCKED)",$799.99,Pre-Owned
Apple iPhone 13 Pro Max - 256GB - Graphite,$960.00,Pre-Owned
Apple iPhone 13 pro max,$740.00,Parts Only
iPhone 13 Pro Max 512 Gb Graphite (AT&T)  Only. NEW Open BOX. Perfect Excellent,$968.88,Open Box
Apple iPhone 13 Pro Max - 256GB - (AT&T) - A2484 - Financed - PARTS ONLY,$629.99,Parts Only
Apple iPhone 13 Pro Max - 128GB - Black (Unlocked) MINT CONDITION,$899.00,Pre-Owned
*Brand New Sealed* Apple iPhone 13 Pro Max 128gb Sierra Blue * AT&T Locked*,$999.00,Brand New
Apple iPhone 13 Pro Max - Unlocked - 256GB - Sierra Blue - A2484,"$1,025.00",Pre-Owned
üî•Apple iPhone 13 Pro Max - 512GB - Graphite AT&T LOCKED BRAND NEW!!!üî•,"$1,195.00",Brand New
Apple iPhone 13 Pro Max - 128GB - Graphite,"$1,200.00",Pre-Owned
iphone 13 pro max unlocked 128gb,$850.00,Pre-Owned
New ListingApple iPhone 13 Pro Max - 256GB - Graphite (AT&T) *BLACKLISTED*,$890.00,Brand New
Apple iPhone 13 Pro Max - 512GB - Sierra Blue (Network Unlocked)-FOR PARTS,$495.00,Parts Only
New ListingApple iphone 13 Pro Max - 256GB - Gold (ATT/Cricket) CHECK ESN- FOR PARTS ONLY,$552.95,Parts Only
Apple iPhone 13 Pro Max Gold 128GB Xfinity Mobile !!BLACK FRIDAY SALE!!,$699.99,Pre-Owned
New ListingApple iPhone 13 Pro Max - 128GB - Sierra Blue (Unlocked),$800.00,Open Box
Apple iPhone 13 Pro Max - 128GB - Graphite (AT&T) Excellent,$729.00,Pre-Owned
Apple iPhone 13 Pro Max - 128GB - blue (U.S. Cellular) read the description  ,$650.00,Pre-Owned
Apple iPhone 13 Pro Max - 256GB - Sierra Blue (Unlocked),$975.00,Pre-Owned
Apple Iphone 13 Pro Max 256Gb Sierra Blue T-Mobile,$899.99,Pre-Owned
APPLE IPHONE 13 PRO MAX 128GB GOLD (XFINITY) BAD E-S-N/ FINANCED FOR PARTS ONLY.,$800.00,Parts Only
New ListingApple iPhone 13 Pro Max - 128GB Graphite (AT&T) Smartphone,$801.00,Pre-Owned
Apple iPhone 13 Pro 512GB Graphite (No SIM restrictions) Apple Care until 10/23,"$1,299.00",Pre-Owned
Apple iPhone 13 Pro Max -1TB -Sierra Blue (Factory Unlocked) GSM+CDMA- Sealed+üéÅ,"$2,550.00",Brand New
Apple iPhone 13 - 128GB  And iPhone 11 Pro Max Lot.,$700.00,Pre-Owned
Apple iPhone 13 Pro Max - 128GB - Graphite (Unlocked),"$1,250.00",Pre-Owned
Apple iPhone 13 Pro Max - 512GB - Graphite (Unlocked),"$1,500.00",Pre-Owned
Apple iPhone 13 Pro Max - 256GB - Sierra Blue (Unlocked),"$1,250.00",Pre-Owned
Apple iPhone 13 Pro Max front camera OEM,$16.99,Parts Only
Apple iPhone 13 Pro Max - 128GB - Sierra Blue (T-Mobile) for parts only,$569.95,Parts Only
Apple iPhone 13 Pro Max - 1TB - Graphite MLL23LL/A (T-Mobile) Unlocked,"$1,299.95",Pre-Owned
Apple iPhone 13 Pro Max - 128GB - Silver (T-Mobile Network Locked),$850.00,Pre-Owned
Apple iPhone 13 Pro Max -256 GB -GOLD (UNLOCKED) GSM+CDMA - Sealed+Free Gifts üéÅ,"$1,699.00",Brand New
Apple iPhone 13 Pro Max 128 GB Sierra Blue Bundle Unlocked Excellent Condition,$999.99,Pre-Owned
Apple iPhone 13 Pro Max - 512GB - Graphite (AT&T),"$1,099.00",Brand New
APPLE IPHONE 13 PRO MAX 128GB SILVER(XFINITY)BAD E-S-N/FINANCED FOR PARTS ONLY.,$800.00,Parts Only
Apple iPhone 13 Pro Max - 128GB - Graphite (AT&T),$715.00,Pre-Owned
iPhone 13 Pro Max 128 GB Sierra Blue,$925.00,Open Box
iPhone 13 Pro Max - 256GB - Sierra Blue (AT&T) As Is,$450.00,Parts Only
Apple iPhone 13 Pro/13 Pro Max Rear Back Camera Oem Part,$40.00,Pre-Owned
IPHONE 13 pro max AT&T OPEN BOX  W/OG BOX And ACCESSORIES,"$1,050.00",Pre-Owned
Apple iPhone 13 Pro Max - 128GB - Graphite (Unlocked),"$1,250.00",Pre-Owned
[AppleCare+] Apple iPhone 13 Pro Max - 1TB - Sierra Blue (Unlocked),"$1,289.00",Pre-Owned
"New ListingApple iPhone 13 Pro Max 128GB White, AT&T Locked",$700.00,Pre-Owned
Apple iPhone 13 Pro Max 128GB sierra blue T-Mobile Excellent Condition,$849.00,Open Box
iphone 13 Pro Max 128gb Locked Please Read,$400.00,Parts Only
Apple iPhone 13 Pro Max 128GB Graphite AT&T Locked AppleCare+ 2023-10-08,$899.99,Open Box
"Sierra Blue iPhone 13 Pro Max, 256GB Unlocked w/ Screen Protecter",$999.00,Pre-Owned
Apple iPhone 13 Pro Max - 256GB - Silver (T-Mobile),$975.00,Brand New
Apple iPhone 13 Pro Max - 128GB - Graphite  (Unlocked),$899.99,Pre-Owned
Apple iPhone 13 Pro Max - 1TB - Sierra Blue (Unlocked) Open Box - Clean IMEI,"$1,250.00",Open Box
USED - Apple iPhone 13 Pro Max - 512GB - Silver (Verizon) UNLOCKED,"$1,029.99",Pre-Owned
iPhone 13 Pro Max - 128GB - Sierra Blue Verizon-READ DESCRIPTION BEFORE BUYING!!,$750.00,Open Box
Apple iPhone 13 Pro 128GB - Sierra Blue (Unlocked) With magsafe Clear case used,$860.00,Pre-Owned
Apple iPhone 13 Pro Max - 512GB - Graphite (Unlocked),"$1,500.00",Pre-Owned
üçéiPhone 13 pro max 256gb new at&t unpaid Sealedüçé,$875.00,Parts Only
Apple iPhone 13 ProMax Gold 512GB (AT&T)  Spigen Screen And Camera Lens Protect,"$1,095.00",Open Box
APPLE IPHONE 13 PRO MAX 128GB GOLD (T-MOBILE) BAD E-S-N/FINANCED FOR PARTS ONLY.,$800.00,Parts Only
Apple iPhone 13 Pro Max - 128GB - Sierra Blue (Unlocked) (CA),$948.62,New (Other)
Apple iPhone 13 Pro Max - 1TB - Graphite (Unlocked) A2484 (CDMA + GSM),"$1,500.00",Open Box
"New ListingApple iPhone 12 Pro Max, 13, 11 Pro, XR Lot - IC Locked AS-IS FOR PARTS",$600.00,Parts Only
Apple iPhone 13 Pro Max - 128GB silver,"$1,100.00",Pre-Owned
iPhone 13 Pro Max 256 Gb AT&T Black,"$1,150.00",Pre-Owned
Apple iPhone 13 Pro Max 5G 256GB WITH BOX - FLAWLESS CONDITION,$910.00,Pre-Owned
Apple iPhone 13 Pro Max - 1TB - Green  (Unlocked) NEW REPLACEMENT,"$1,450.00",Open Box
Apple iPhone 13 Pro Max - 256GB - Graphite (AT&T),$800.00,Pre-Owned
Apple iPhone 13 Pro Max - 256GB - Gold (AT&T),$750.00,Pre-Owned
iphone 13 pro max unlocked 256gb used,"$1,100.00",Pre-Owned
Apple iPhone 13 Pro Max - 128GB - Sierra Blue (Verizon),"$1,000.00",Brand New
Apple iPhone 13 Pro Max - 128GB - Silver (Unlocked),"$1,159.00",Pre-Owned
Apple iPhone 13 Pro Max - 512GB - Graphite (AT&T),$999.99,Open Box
"Apple¬ÆiPhone 13 Pro Max -256GB- Gold- AT&T (Blacklisted)/ 6.7"" Smartphone","$1,629.99",Pre-Owned
Apple iPhone 13 Pro Max - 128GB - Sierra Blue (AT&T),"$1,050.00",Brand New
Apple iPhone 13 Pro Max - 512GB - Graphite (Unlocked) A2484 (CDMA + GSM),"$1,199.00",Open Box
Apple iPhone 13 Pro Max - 128GB - Sierra Blue (T-Mobile),"$1,050.00",Brand New
Apple iPhone 13 Pro Max - 128GB - Graphite Gray (AT&T),$860.00,Pre-Owned
Apple iPhone 13 Pro Max - 128GB - Sierra Blue (AT&T),$800.00,Pre-Owned
Apple iPhone 13 Pro Max 256GB Space Gray (AT&T) 1 WEEK OLD Excellent Condition!!,"$1,000.00",Open Box
Apple iPhone 13 Pro Max - 256GB - Sierra Blue (Unlocked),"$1,049.00",Pre-Owned
Apple iPhone 13 Pro Max - 128GB - Graphite (Unlocked) ,"$1,000.00",Pre-Owned
Apple iPhone 13 Pro Max - 256GB - Gold (Xfinity),$850.00,Open Box
Apple iPhone 13 Pro Max - 256GB - Graphite (AT&T) IC For parts Only,$550.00,Parts Only
Apple iPhone 13 Pro Max - 256GB - Silver (AT&T),$725.00,Parts Only
Apple iPhone 13  - 128GB - Midnight - Unlocked - Gently Used,$699.00,Pre-Owned
Apple iPhone 13 ProMax 256GB (VZ/Unlocked) 1yr AppleCare Included. Great battery,"$1,200.00",Pre-Owned
Apple iPhone 13 Pro Max 128GB Graphite (MLKL3LL/A) Sprint/T-Mobile Clean IMEI,$950.00,Open Box
iPhone 13 Pro Max 128GB AT&T Graphite (SellerRefurb) (Inspected By Apple),$899.00,Pre-Owned
Apple iPhone 13 Pro Max - 1TB - Gold,"$1,579.00",Brand New
Apple iPhone 13 Pro Max - 128GB - Graphite (T-Mobile),"$1,050.00",Open Box
APPLE IPHONE 12 PRO MAX - 128GB - UNLOCKED - 2270,$659.99,Pre-Owned
Apple iPhone 13 Pro Max - 256GB - Graphite (Verizon),"$1,100.00",Open Box
üçèüçéApple ¬°Phone 13 Pro Max - 128GB - Gold (T-Mobile) BlüÖ∞Ô∏ècklysted üçéüçè,$600.00,Parts Only
Brand New Sealed Apple iPhone 13 Pro Max - 1TB - Sierra Blue (Unlocked),"$1,925.00",Brand New
Apple iPhone 13 Pro Max - 128GB - Sierra Blue (Sprint),$950.00,Open Box
NEW Apple iPhone 13 Pro Max 1TB Graphite Factory Unlocked ,"$1,750.00",Brand New
Apple iPhone 13 Pro Max 1 TB Graphite Unlocked Brand New GSM CDMA Sealed Retail,"$1,999.99",Brand New
NEW Apple iPhone 13 Pro Max 512GB Sierra Blue Factory Unlocked ,"$1,650.00",Brand New
Apple iPhone 13 Pro Max - 1TB - Sierra Blue (Unlocked),"$1,699.00",Open Box
Apple iPhone 13 pro max 256gb unlocked Sierra Blue!,"$1,600.00",Pre-Owned
NEW Apple iPhone 13 Pro Max 512GB Silver Factory Unlocked ,"$1,650.00",Brand New
Apple iPhone 13 Pro Max - 128GB - Sierra Blue (UNLOCKED),"$1,129.85",Pre-Owned
NEW Apple iPhone 13 Pro Max 1TB Gold Factory Unlocked ,"$1,750.00",Brand New
Apple iPhone 13 Pro Max - 128GB - Graphite (T-Mobile) SIM LOCKED,$850.00,Pre-Owned
Brand New Apple iPhone 13 Pro Max - 1TB - Graphite (Unlocked),"$1,950.00",Brand New
Apple iPhone 13 Pro Max - 1TB - Silver (Unlocked),"$1,999.99",Brand New
Brand New iPhone 13 PRO MAX 1TB UNLOCKED Graphite,"$1,974.99",Brand New
Apple iPhone 13 Pro Max - 128GB - Sierra Blue (Verizon),$900.00,Pre-Owned
iPhone 13 Pro Max 128GB¬†Sierra Blue -¬†Open Box (AT&T),"$1,169.00",Pre-Owned
Apple iPhone 13 Pro Max - 1TB - Silver (Unlocked),"$1,980.00",Brand New
Apple iPhone 13 Pro Max - 1TB - Gold (Unlocked),"$1,999.99",Brand New
Brand New Sealed Apple iPhone 13 Pro Max - 1TB - Sierra Blue (Unlocked),"$1,975.00",Brand New
Brand New Apple iPhone 13 Pro Max Dual Sim 1TB + 6GB Silver Unlocked ,"$1,990.00",Brand New
For Apple iPhone 13 Pro Max - 128GB - Sierra Blue (T-Mobile),$800.00,Pre-Owned
Brand New Apple iPhone 13 Pro Max - 1TB - Sierra Blue (Unlocked),"$1,980.00",Brand New
Brand New iPhone 13 Pro MAX 1TB 6.7 in Silver Factory Unlocked,"$1,925.00",Brand New
Apple iPhone 13 Pro Max - 128GB - Silver (AT&T),"$1,150.00",Open Box
NEW Apple iPhone 13 Pro Max 256GB Silver Factory Unlocked ,"$1,499.00",Brand New
Brand New Apple iPhone 13 Pro Max - 1TB - Sierra Blue (Unlocked),"$1,950.00",Brand New
Apple iPhone 12 Pro Max 5G 256GB Unlocked Look Details,$995.00,Pre-Owned
Apple iPhone 13 Pro Max - 128GB - Sierra Blue (AT&T),$900.00,Pre-Owned
Brand New Apple iPhone 13 Pro Max - 1TB - Gold (Unlocked),"$1,980.00",Brand New
Apple iPhone 13 Pro Max - 1TB - Silver (Unlocked),"$1,975.00",Brand New
Apple iPhone 13 Pro Max - 128GB - Graphite (T-Mobile) FOR PARTS / READ DESC,$899.00,Parts Only
Apple iPhone 13 Pro Max - 1TB - Gold (Unlocked),"$1,990.00",Brand New
Apple iPhone 13 Pro Max - 512GB - Silver (Unlocked),"$1,974.99",Brand New
Apple iPhone 13 Pro Max - 128GB - Sierra Blue (AT&T),"$1,000.00",Pre-Owned
Apple iPhone 13 Pro Max - 1TB - Graphite (Unlocked) FAST SHIPPING,"$1,980.00",Brand New
Apple iPhone 13 Pro Max - 1TB - Gold (Unlocked),"$1,975.00",Brand New
üî•Apple iPhone 13 Pro MAX 1TB 6.7 in Silver Factory Unlocked Ships 09/24/21üî•üî•,"$1,950.00",Brand New
Brand New Apple iPhone 13 Pro Max - 1TB - Gold (Unlocked),"$1,950.00",Brand New
iPhone 13 Pro Max 128GB¬†Sierra Blue -¬†Open Box (AT&T),"$1,169.00",Pre-Owned
Apple iPhone 13 Pro Max - 128GB - Silver (Unlocked),"$1,235.00",Pre-Owned
BNIB Apple iPhone 13 Pro Max Dual Sim 1TB + 6GB Silver Unlocked 5G GSM,"$1,974.99",Brand New
New Apple iPhone 13 Pro Max - 1TB - Sierra Blue (Unlocked),"$1,974.99",Brand New
